system,n,replicates,first_principles_derivation,first_principles_derivation_std,falsifiability,falsifiability_std,mechanism_clarity,mechanism_clarity_std,novelty,novelty_std,experimentability,experimentability_std,average_score,average_score_std,pass_rate
agent_lab,10,1,3.9,0.3,4.8,0.4,3.8,0.4,3.5,0.5,4.6,0.4898979485566356,4.12,0.25612496949731417,1.0
co_scientist,10,1,3.9,0.3,4.9,0.3,3.7,0.6403124237432849,3.9,0.7,4.5,0.6708203932499369,4.180000000000001,0.38418745424597095,1.0
firstresearch,10,1,4.5,0.5,4.9,0.3,5.0,0.0,4.5,0.9219544457292888,4.9,0.3,4.76,0.26532998322843193,1.0
tree_search_scientist,10,1,3.9,0.3,5.0,0.0,4.0,0.6324555320336759,3.7,0.6403124237432849,5.0,0.0,4.32,0.20396078054371133,1.0
