system,n,replicates,first_principles_derivation,first_principles_derivation_std,falsifiability,falsifiability_std,mechanism_clarity,mechanism_clarity_std,novelty,novelty_std,experimentability,experimentability_std,average_score,average_score_std,pass_rate
certificate_only_ablation,18,2,4.611111111111111,0.48749802152178456,5.0,0.0,4.888888888888889,0.31426968052735443,4.888888888888889,0.31426968052735443,5.0,0.0,4.877777777777777,0.1511274500970606,1.0
firstresearch,18,2,4.388888888888889,0.48749802152178456,5.0,0.0,4.555555555555555,0.49690399499995325,4.888888888888889,0.31426968052735443,4.888888888888889,0.31426968052735443,4.744444444444444,0.13005222123021817,1.0
no_certificate_ablation,18,2,0.8888888888888888,0.31426968052735443,0.4444444444444444,0.6849348892187752,0.7777777777777778,0.41573970964154905,0.7222222222222222,0.558326423395605,1.6111111111111112,0.7556372504853024,0.8888888888888888,0.37843080813169777,0.0
no_gate_repair_ablation,18,2,4.111111111111111,0.31426968052735443,5.0,0.0,4.055555555555555,0.2290614236454256,3.111111111111111,0.5665577237325317,4.777777777777778,0.41573970964154905,4.211111111111111,0.19404721329525543,1.0
no_mechanism_model_ablation,18,2,4.0,0.6666666666666666,5.0,0.0,3.0,1.6666666666666667,4.722222222222222,0.558326423395605,4.833333333333333,0.37267799624996495,4.311111111111111,0.4677236706633152,1.0
no_novelty_boundary_repair_ablation,18,2,4.166666666666667,0.37267799624996495,5.0,0.0,4.222222222222222,0.41573970964154905,3.5,0.6871842709362768,4.777777777777778,0.41573970964154905,4.333333333333333,0.2108185106778919,1.0
no_self_improvement_ablation,18,2,4.444444444444445,0.49690399499995325,5.0,0.0,4.777777777777778,0.41573970964154905,5.0,0.0,4.944444444444445,0.2290614236454256,4.833333333333333,0.1527525231651948,1.0
