system,n,replicates,first_principles_derivation,first_principles_derivation_std,falsifiability,falsifiability_std,mechanism_clarity,mechanism_clarity_std,novelty,novelty_std,experimentability,experimentability_std,average_score,average_score_std,pass_rate
certificate_only_ablation,10,1,4.7,0.458257569495584,5.0,0.0,4.9,0.3,5.0,0.0,4.9,0.3,4.9,0.18439088914585766,1.0
firstresearch,10,1,4.5,0.5,5.0,0.0,5.0,0.0,4.6,0.6633249580710799,4.9,0.3,4.8,0.17888543819998315,1.0
no_certificate_ablation,10,1,1.2,0.4,0.6,0.4898979485566356,0.9,0.3,0.7,0.6403124237432849,1.2,0.7483314773547883,0.9199999999999999,0.41182520563948,0.0
no_gate_repair_ablation,10,1,4.3,0.458257569495584,5.0,0.0,4.5,0.5,2.8,0.4,4.9,0.3,4.3,0.20493901531919176,1.0
no_mechanism_model_ablation,10,1,3.6,0.6633249580710799,5.0,0.0,1.7,0.458257569495584,3.7,0.9,4.9,0.3,3.78,0.37363083384538814,1.0
no_novelty_boundary_repair_ablation,10,1,4.6,0.4898979485566356,5.0,0.0,4.5,0.5,3.3,0.9,4.8,0.4,4.4399999999999995,0.344093010681705,1.0
no_self_improvement_ablation,10,1,4.8,0.4,5.0,0.0,4.8,0.4,4.5,0.6708203932499369,4.7,0.458257569495584,4.76,0.1743559577416271,1.0
